Specimens,Genus,Species,Rep,Ind,Family,Subfamily Morphology,Subfamily Molecular,Species2
Berardius arnuxii NHMD  Rep1,Berardius,arnuxii,Rep1,Berardius arnuxii NHMD ,Ziphiidae,Ziphiidae,Ziphiidae,Berardius arnuxii
Berardius arnuxii NHMD  Rep2,Berardius,arnuxii,Rep2,Berardius arnuxii NHMD ,Ziphiidae,Ziphiidae,Ziphiidae,Berardius arnuxii
Cephalorhynchus commersoni NHM 1992.75.1 Rep1,Cephalorhynchus,commersoni,Rep1,Cephalorhynchus commersoni NHM 1992.75.1,Delphinidae,Cephalorhynchinae,Lissodelphininae,Cephalorhynchus commersoni
Cephalorhynchus commersoni NHM 1992.75.1 Rep2,Cephalorhynchus,commersoni,Rep2,Cephalorhynchus commersoni NHM 1992.75.1,Delphinidae,Cephalorhynchinae,Lissodelphininae,Cephalorhynchus commersoni
Cephalorhynchus commersoni USNM 252568 Rep1,Cephalorhynchus,commersoni,Rep1,Cephalorhynchus commersoni USNM 252568,Delphinidae,Cephalorhynchinae,Lissodelphininae,Cephalorhynchus commersoni
Cephalorhynchus commersoni USNM 252568 Rep2,Cephalorhynchus,commersoni,Rep2,Cephalorhynchus commersoni USNM 252568,Delphinidae,Cephalorhynchinae,Lissodelphininae,Cephalorhynchus commersoni
Cephalorhynchus commersoni USNM 550156 Rep1,Cephalorhynchus,commersoni,Rep1,Cephalorhynchus commersoni USNM 550156,Delphinidae,Cephalorhynchinae,Lissodelphininae,Cephalorhynchus commersoni
Cephalorhynchus commersoni USNM 550156 Rep2,Cephalorhynchus,commersoni,Rep2,Cephalorhynchus commersoni USNM 550156,Delphinidae,Cephalorhynchinae,Lissodelphininae,Cephalorhynchus commersoni
Cephalorhynchus commersoni USNM 550449 Rep1,Cephalorhynchus,commersoni,Rep1,Cephalorhynchus commersoni USNM 550449,Delphinidae,Cephalorhynchinae,Lissodelphininae,Cephalorhynchus commersoni
Cephalorhynchus commersoni USNM 550449 Rep2,Cephalorhynchus,commersoni,Rep2,Cephalorhynchus commersoni USNM 550449,Delphinidae,Cephalorhynchinae,Lissodelphininae,Cephalorhynchus commersoni
Cephalorhynchus eutropia NHM 1881.8.17.1 Rep1,Cephalorhynchus,eutropia,Rep1,Cephalorhynchus eutropia NHM 1881.8.17.1,Delphinidae,Cephalorhynchinae,Lissodelphininae,Cephalorhynchus eutropia
Cephalorhynchus eutropia NHM 1881.8.17.1 Rep2,Cephalorhynchus,eutropia,Rep2,Cephalorhynchus eutropia NHM 1881.8.17.1,Delphinidae,Cephalorhynchinae,Lissodelphininae,Cephalorhynchus eutropia
Cephalorhynchus heavisidii NHM 1948.7.27.1 Rep1,Cephalorhynchus,heavisidii,Rep1,Cephalorhynchus heavisidii NHM 1948.7.27.1,Delphinidae,Cephalorhynchinae,Lissodelphininae,Cephalorhynchus heavisidii
Cephalorhynchus heavisidii NHM 1948.7.27.1 Rep2,Cephalorhynchus,heavisidii,Rep2,Cephalorhynchus heavisidii NHM 1948.7.27.1,Delphinidae,Cephalorhynchinae,Lissodelphininae,Cephalorhynchus heavisidii
Delphinapterus leucas MNHN 1928.197 Rep1,Delphinapterus,leucas,Rep1,Delphinapterus leucas MNHN 1928.197,Monodontidae,Monodontidae,Monodontidae,Delphinapterus leucas
Delphinapterus leucas MNHN 1928.197 Rep2,Delphinapterus,leucas,Rep2,Delphinapterus leucas MNHN 1928.197,Monodontidae,Monodontidae,Monodontidae,Delphinapterus leucas
Delphinapterus leucas MNHN 1971.156 Rep1,Delphinapterus,leucas,Rep1,Delphinapterus leucas MNHN 1971.156,Monodontidae,Monodontidae,Monodontidae,Delphinapterus leucas
Delphinapterus leucas MNHN 1971.156 Rep2,Delphinapterus,leucas,Rep2,Delphinapterus leucas MNHN 1971.156,Monodontidae,Monodontidae,Monodontidae,Delphinapterus leucas
Delphinapterus leucas NHM 1933.10.13.1 Rep1,Delphinapterus,leucas,Rep1,Delphinapterus leucas NHM 1933.10.13.1,Monodontidae,Monodontidae,Monodontidae,Delphinapterus leucas
Delphinapterus leucas NHM 1933.10.13.1 Rep2,Delphinapterus,leucas,Rep2,Delphinapterus leucas NHM 1933.10.13.1,Monodontidae,Monodontidae,Monodontidae,Delphinapterus leucas
Delphinapterus leucas NHM 1933.10.13.2 Rep1,Delphinapterus,leucas,Rep1,Delphinapterus leucas NHM 1933.10.13.2,Monodontidae,Monodontidae,Monodontidae,Delphinapterus leucas
Delphinapterus leucas NHM 1933.10.13.2 Rep2,Delphinapterus,leucas,Rep2,Delphinapterus leucas NHM 1933.10.13.2,Monodontidae,Monodontidae,Monodontidae,Delphinapterus leucas
Delphinus capensis MCM 1981.807 Rep1,Delphinus,capensis,Rep1,Delphinus capensis MCM 1981.807,Delphinidae,Delphininae,Delphininae,Delphinus capensis
Delphinus capensis MCM 1981.807 Rep2,Delphinus,capensis,Rep2,Delphinus capensis MCM 1981.807,Delphinidae,Delphininae,Delphininae,Delphinus capensis
Delphinus delphis NHM 1973.106 Rep1,Delphinus,delphis,Rep1,Delphinus delphis NHM 1973.106,Delphinidae,Delphininae,Delphininae,Delphinus delphis
Delphinus delphis NHM 1973.106 Rep2,Delphinus,delphis,Rep2,Delphinus delphis NHM 1973.106,Delphinidae,Delphininae,Delphininae,Delphinus delphis
Delphinus tropicalis NHM 1973.108 Rep1,Delphinus,tropicalis,Rep1,Delphinus tropicalis NHM 1973.108,Delphinidae,Delphininae,Delphininae,Delphinus tropicalis
Delphinus tropicalis NHM 1973.108 Rep2,Delphinus,tropicalis,Rep2,Delphinus tropicalis NHM 1973.108,Delphinidae,Delphininae,Delphininae,Delphinus tropicalis
Feresa attenuata USNM 504916 Rep1,Feresa,attenuata,Rep1,Feresa attenuata USNM 504916,Delphinidae,Globicephalinae,Globicephalinae,Feresa attenuata
Feresa attenuata USNM 504916 Rep2,Feresa,attenuata,Rep2,Feresa attenuata USNM 504916,Delphinidae,Globicephalinae,Globicephalinae,Feresa attenuata
Feresa attenuata USNM 504917 Rep1,Feresa,attenuata,Rep1,Feresa attenuata USNM 504917,Delphinidae,Globicephalinae,Globicephalinae,Feresa attenuata
Feresa attenuata USNM 504917 Rep2,Feresa,attenuata,Rep2,Feresa attenuata USNM 504917,Delphinidae,Globicephalinae,Globicephalinae,Feresa attenuata
Feresa attenuata USNM 504918 Rep1,Feresa,attenuata,Rep1,Feresa attenuata USNM 504918,Delphinidae,Globicephalinae,Globicephalinae,Feresa attenuata
Feresa attenuata USNM 504918 Rep2,Feresa,attenuata,Rep2,Feresa attenuata USNM 504918,Delphinidae,Globicephalinae,Globicephalinae,Feresa attenuata
Globicephala macrorhynchus MNHN 1936.181 Rep1,Globicephala,macrorhynchus,Rep1,Globicephala macrorhynchus MNHN 1936.181,Delphinidae,Globicephalinae,Globicephalinae,Globicephala macrorhynchus
Globicephala macrorhynchus MNHN 1936.181 Rep2,Globicephala,macrorhynchus,Rep2,Globicephala macrorhynchus MNHN 1936.181,Delphinidae,Globicephalinae,Globicephalinae,Globicephala macrorhynchus
Globicephala macrorhynchus NHM 1912.10.27.1 Rep1,Globicephala,macrorhynchus,Rep1,Globicephala macrorhynchus NHM 1912.10.27.1,Delphinidae,Globicephalinae,Globicephalinae,Globicephala macrorhynchus
Globicephala macrorhynchus NHM 1912.10.27.1 Rep2,Globicephala,macrorhynchus,Rep2,Globicephala macrorhynchus NHM 1912.10.27.1,Delphinidae,Globicephalinae,Globicephalinae,Globicephala macrorhynchus
Globicephala melas MNHN 1927.71 Rep1,Globicephala,melas,Rep1,Globicephala melas MNHN 1927.71,Delphinidae,Globicephalinae,Globicephalinae,Globicephala melas
Globicephala melas MNHN 1927.71 Rep2,Globicephala,melas,Rep2,Globicephala melas MNHN 1927.71,Delphinidae,Globicephalinae,Globicephalinae,Globicephala melas
Globicephala melas MNHN 1973.898 Rep1,Globicephala,melas,Rep1,Globicephala melas MNHN 1973.898,Delphinidae,Globicephalinae,Globicephalinae,Globicephala melas
Globicephala melas MNHN 1973.898 Rep2,Globicephala,melas,Rep2,Globicephala melas MNHN 1973.898,Delphinidae,Globicephalinae,Globicephalinae,Globicephala melas
Globicephala melas MNHN 1983.76 Rep1,Globicephala,melas,Rep1,Globicephala melas MNHN 1983.76,Delphinidae,Globicephalinae,Globicephalinae,Globicephala melas
Globicephala melas MNHN 1983.76 Rep2,Globicephala,melas,Rep2,Globicephala melas MNHN 1983.76,Delphinidae,Globicephalinae,Globicephalinae,Globicephala melas
Globicephala melas NHM 1995.382 Rep1,Globicephala,melas,Rep1,Globicephala melas NHM 1995.382,Delphinidae,Globicephalinae,Globicephalinae,Globicephala melas
Globicephala melas NHM 1995.382 Rep2,Globicephala,melas,Rep2,Globicephala melas NHM 1995.382,Delphinidae,Globicephalinae,Globicephalinae,Globicephala melas
Globicephala melas NHM 1995.383 Rep1,Globicephala,melas,Rep1,Globicephala melas NHM 1995.383,Delphinidae,Globicephalinae,Globicephalinae,Globicephala melas
Globicephala melas NHM 1995.383 Rep2,Globicephala,melas,Rep2,Globicephala melas NHM 1995.383,Delphinidae,Globicephalinae,Globicephalinae,Globicephala melas
Grampus griseus MNHM 1888.291 Rep1,Grampus,griseus,Rep1,Grampus griseus MNHM 1888.291,Delphinidae,Delphininae,Globicephalinae,Grampus griseus
Grampus griseus MNHM 1888.291 Rep2,Grampus,griseus,Rep2,Grampus griseus MNHM 1888.291,Delphinidae,Delphininae,Globicephalinae,Grampus griseus
Grampus griseus MNHM A3543 Rep1,Grampus,griseus,Rep1,Grampus griseus MNHM A3543,Delphinidae,Delphininae,Globicephalinae,Grampus griseus
Grampus griseus MNHM A3543 Rep2,Grampus,griseus,Rep2,Grampus griseus MNHM A3543,Delphinidae,Delphininae,Globicephalinae,Grampus griseus
Grampus griseus MNHM A3544 Rep1,Grampus,griseus,Rep1,Grampus griseus MNHM A3544,Delphinidae,Delphininae,Globicephalinae,Grampus griseus
Grampus griseus MNHM A3544 Rep2,Grampus,griseus,Rep2,Grampus griseus MNHM A3544,Delphinidae,Delphininae,Globicephalinae,Grampus griseus
Grampus griseus NHM SW1927.25 Rep1,Grampus,griseus,Rep1,Grampus griseus NHM SW1927.25,Delphinidae,Delphininae,Globicephalinae,Grampus griseus
Grampus griseus NHM SW1927.25 Rep2,Grampus,griseus,Rep2,Grampus griseus NHM SW1927.25,Delphinidae,Delphininae,Globicephalinae,Grampus griseus
Grampus griseus NHM SW1933.14 Rep1,Grampus,griseus,Rep1,Grampus griseus NHM SW1933.14,Delphinidae,Delphininae,Globicephalinae,Grampus griseus
Grampus griseus NHM SW1933.14 Rep2,Grampus,griseus,Rep2,Grampus griseus NHM SW1933.14,Delphinidae,Delphininae,Globicephalinae,Grampus griseus
Hyperodont ampullatus NHM 78.2559 Rep1,Hyperodont,ampullatus,Rep1,Hyperodont ampullatus NHM 78.2559,Ziphiidae,Ziphiidae,Ziphiidae,Hyperodont ampullatus
Hyperodont ampullatus NHM 78.2559 Rep2,Hyperodont,ampullatus,Rep2,Hyperodont ampullatus NHM 78.2559,Ziphiidae,Ziphiidae,Ziphiidae,Hyperodont ampullatus
Hyperodont planifrons NHM 1934.7.23.3 Rep1,Hyperodont,planifrons,Rep1,Hyperodont planifrons NHM 1934.7.23.3,Ziphiidae,Ziphiidae,Ziphiidae,Hyperodont planifrons
Hyperodont planifrons NHM 1934.7.23.3 Rep2,Hyperodont,planifrons,Rep2,Hyperodont planifrons NHM 1934.7.23.3,Ziphiidae,Ziphiidae,Ziphiidae,Hyperodont planifrons
Indopacetus pacificus LaSpecola 1956.4854 Rep1,Indopacetus,pacificus,Rep1,Indopacetus pacificus LaSpecola 1956.4854,Ziphiidae,Ziphiidae,Ziphiidae,Indopacetus pacificus
Indopacetus pacificus LaSpecola 1956.4854 Rep2,Indopacetus,pacificus,Rep2,Indopacetus pacificus LaSpecola 1956.4854,Ziphiidae,Ziphiidae,Ziphiidae,Indopacetus pacificus
Inia geoffrensis USNM 239667 Rep1,Inia,geoffrensis,Rep1,Inia geoffrensis USNM 239667,Iniidae,Iniidae,Iniidae,Inia geoffrensis
Inia geoffrensis USNM 239667 Rep2,Inia,geoffrensis,Rep2,Inia geoffrensis USNM 239667,Iniidae,Iniidae,Iniidae,Inia geoffrensis
Inia geoffrensis USNM 395415 Rep1,Inia,geoffrensis,Rep1,Inia geoffrensis USNM 395415,Iniidae,Iniidae,Iniidae,Inia geoffrensis
Inia geoffrensis USNM 395415 Rep2,Inia,geoffrensis,Rep2,Inia geoffrensis USNM 395415,Iniidae,Iniidae,Iniidae,Inia geoffrensis
Inia geoffrensis USNM 49582 Rep1,Inia,geoffrensis,Rep1,Inia geoffrensis USNM 49582,Iniidae,Iniidae,Iniidae,Inia geoffrensis
Inia geoffrensis USNM 49582 Rep2,Inia,geoffrensis,Rep2,Inia geoffrensis USNM 49582,Iniidae,Iniidae,Iniidae,Inia geoffrensis
Kogia breviceps NHM SW1980.35 Rep1,Kogia,breviceps,Rep1,Kogia breviceps NHM 1980.35,Kogiidae,Kogiidae,Kogiidae,Kogia breviceps
Kogia breviceps NHM SW1980.35 Rep2,Kogia,breviceps,Rep2,Kogia breviceps NHM 1980.35,Kogiidae,Kogiidae,Kogiidae,Kogia breviceps
Kogia sima NHM 1952.8.281 Rep1,Kogia,sima,Rep1,Kogia sima NHM 1952.8.281,Kogiidae,Kogiidae,Kogiidae,Kogia sima
Kogia sima NHM 1952.8.281 Rep2,Kogia,sima,Rep2,Kogia sima NHM 1952.8.281,Kogiidae,Kogiidae,Kogiidae,Kogia sima
Lagenodelphis hosei USNM 571619 Rep1,Lagenodelphis,hosei,Rep1,Lagenodelphis hosei USNM 571619,Delphinidae,Delphininae,Delphininae,Lagenodelphis hosei
Lagenodelphis hosei USNM 571619 Rep2,Lagenodelphis,hosei,Rep2,Lagenodelphis hosei USNM 571619,Delphinidae,Delphininae,Delphininae,Lagenodelphis hosei
Lagenorhynchus acutus NHM SW1936.417 Rep1,Lagenorhynchus,acutus,Rep1,Lagenorhynchus acutus NHM SW1936.417,Delphinidae,Delphininae,Incertae sedis,Lagenorhynchus acutus
Lagenorhynchus acutus NHM SW1936.417 Rep2,Lagenorhynchus,acutus,Rep2,Lagenorhynchus acutus NHM SW1936.417,Delphinidae,Delphininae,Incertae sedis,Lagenorhynchus acutus
Lagenorhynchus albirostris NHM SW1921.15 Rep1,Lagenorhynchus,albirostris,Rep1,Lagenorhynchus albirostris NHM SW1921.15,Delphinidae,Delphininae,Lissodelphininae,Lagenorhynchus albirostris
Lagenorhynchus albirostris NHM SW1921.15 Rep2,Lagenorhynchus,albirostris,Rep2,Lagenorhynchus albirostris NHM SW1921.15,Delphinidae,Delphininae,Lissodelphininae,Lagenorhynchus albirostris
Lagenorhynchus australis NHM 1944.11.30.1 Rep1,Lagenorhynchus,australis,Rep1,Lagenorhynchus australis NHM 1944.11.30.1,Delphinidae,Delphininae,Incertae sedis,Lagenorhynchus australis
Lagenorhynchus australis NHM 1944.11.30.1 Rep2,Lagenorhynchus,australis,Rep2,Lagenorhynchus australis NHM 1944.11.30.1,Delphinidae,Delphininae,Incertae sedis,Lagenorhynchus australis
Lagenorhynchus cruciger NHM 1960.8.24.1 Rep1,Lagenorhynchus,cruciger,Rep1,Lagenorhynchus cruciger NHM 1960.8.24.1,Delphinidae,Delphininae,Lissodelphininae,Lagenorhynchus cruciger
Lagenorhynchus cruciger NHM 1960.8.24.1 Rep2,Lagenorhynchus,cruciger,Rep2,Lagenorhynchus cruciger NHM 1960.8.24.1,Delphinidae,Delphininae,Lissodelphininae,Lagenorhynchus cruciger
Lagenorhynchus obliquidens NHM 1992.93 Rep1,Lagenorhynchus,obliquidens,Rep1,Lagenorhynchus obliquidens NHM 1992.93,Delphinidae,Delphininae,Lissodelphininae,Lagenorhynchus obliquidens
Lagenorhynchus obliquidens NHM 1992.93 Rep2,Lagenorhynchus,obliquidens,Rep2,Lagenorhynchus obliquidens NHM 1992.93,Delphinidae,Delphininae,Lissodelphininae,Lagenorhynchus obliquidens
Lagenorhynchus obscurus NHM 1846.3.11.8 Rep1,Lagenorhynchus,obscurus,Rep1,Lagenorhynchus obscurus NHM 1846.3.11.8,Delphinidae,Delphininae,Lissodelphininae,Lagenorhynchus obscurus
Lagenorhynchus obscurus NHM 1846.3.11.8 Rep2,Lagenorhynchus,obscurus,Rep2,Lagenorhynchus obscurus NHM 1846.3.11.8,Delphinidae,Delphininae,Lissodelphininae,Lagenorhynchus obscurus
Lipotes vexillifer NHM 1992.22.1b Rep1,Lipotes,vexillifer,Rep1,Lipotes vexillifer NHM 1992.22.1b,Lipotidae,Lipotidae,Lipotidae,Lipotes vexillifer
Lipotes vexillifer NHM 1992.22.1b Rep2,Lipotes,vexillifer,Rep2,Lipotes vexillifer NHM 1992.22.1b,Lipotidae,Lipotidae,Lipotidae,Lipotes vexillifer
Lissodelphis borealis USNM 550027 Rep1,Lissodelphis,borealis,Rep1,Lissodelphis borealis USNM 550027,Delphinidae,Lissodelphininae,Lissodelphininae,Lissodelphis borealis
Lissodelphis borealis USNM 550027 Rep2,Lissodelphis,borealis,Rep2,Lissodelphis borealis USNM 550027,Delphinidae,Lissodelphininae,Lissodelphininae,Lissodelphis borealis
Lissodelphis borealis USNM 550188 Rep1,Lissodelphis,borealis,Rep1,Lissodelphis borealis USNM 550188,Delphinidae,Lissodelphininae,Lissodelphininae,Lissodelphis borealis
Lissodelphis borealis USNM 550188 Rep2,Lissodelphis,borealis,Rep2,Lissodelphis borealis USNM 550188,Delphinidae,Lissodelphininae,Lissodelphininae,Lissodelphis borealis
Lissodelphis peronii MNHN 1944.15 Rep1,Lissodelphis,peronii,Rep1,Lissodelphis peronii MNHN 1944.15,Delphinidae,Lissodelphininae,Lissodelphininae,Lissodelphis peronii
Lissodelphis peronii MNHN 1944.15 Rep2,Lissodelphis,peronii,Rep2,Lissodelphis peronii MNHN 1944.15,Delphinidae,Lissodelphininae,Lissodelphininae,Lissodelphis peronii
Mesoplodon bidens NHM 1964.6.3.6 Rep1,Mesoplodon,bidens,Rep1,Mesoplodon bidens NHM 1964.6.3.6,Ziphiidae,Ziphiidae,Ziphiidae,Mesoplodon bidens
Mesoplodon bidens NHM 1964.6.3.6 Rep2,Mesoplodon,bidens,Rep2,Mesoplodon bidens NHM 1964.6.3.6,Ziphiidae,Ziphiidae,Ziphiidae,Mesoplodon bidens
Mesoplodon bowdoini MSNTUP 269 Rep1,Mesoplodon,bowdoini,Rep1,Mesoplodon bowdoini MSNTUP 269,Ziphiidae,Ziphiidae,Ziphiidae,Mesoplodon bowdoini
Mesoplodon bowdoini MSNTUP 269 Rep2,Mesoplodon,bowdoini,Rep2,Mesoplodon bowdoini MSNTUP 269,Ziphiidae,Ziphiidae,Ziphiidae,Mesoplodon bowdoini
Mesoplodon europaeus NHM 1953.10.6.1 Rep1,Mesoplodon,europaeus,Rep1,Mesoplodon europaeus NHM 1953.10.6.1,Ziphiidae,Ziphiidae,Ziphiidae,Mesoplodon europaeus
Mesoplodon europaeus NHM 1953.10.6.1 Rep2,Mesoplodon,europaeus,Rep2,Mesoplodon europaeus NHM 1953.10.6.1,Ziphiidae,Ziphiidae,Ziphiidae,Mesoplodon europaeus
Mesoplodon europaeus USNM 504256 Rep1,Mesoplodon,europaeus,Rep1,Mesoplodon europaeus USNM 504256,Ziphiidae,Ziphiidae,Ziphiidae,Mesoplodon europaeus
Mesoplodon europaeus USNM 504256 Rep2,Mesoplodon,europaeus,Rep2,Mesoplodon europaeus USNM 504256,Ziphiidae,Ziphiidae,Ziphiidae,Mesoplodon europaeus
Mesoplodon europaeus USNM 571665 Rep1,Mesoplodon,europaeus,Rep1,Mesoplodon europaeus USNM 571665,Ziphiidae,Ziphiidae,Ziphiidae,Mesoplodon europaeus
Mesoplodon europaeus USNM 571665 Rep2,Mesoplodon,europaeus,Rep2,Mesoplodon europaeus USNM 571665,Ziphiidae,Ziphiidae,Ziphiidae,Mesoplodon europaeus
Mesoplodon europaeus USNM 593437 Rep1,Mesoplodon,europaeus,Rep1,Mesoplodon europaeus USNM 593437,Ziphiidae,Ziphiidae,Ziphiidae,Mesoplodon europaeus
Mesoplodon europaeus USNM 593437 Rep2,Mesoplodon,europaeus,Rep2,Mesoplodon europaeus USNM 593437,Ziphiidae,Ziphiidae,Ziphiidae,Mesoplodon europaeus
Mesoplodon ginkgondens NHM 1957.4.5.1 Rep1,Mesoplodon,ginkgondens,Rep1,Mesoplodon ginkgondens NHM 1957.4.5.1,Ziphiidae,Ziphiidae,Ziphiidae,Mesoplodon ginkgondens
Mesoplodon ginkgondens NHM 1957.4.5.1 Rep2,Mesoplodon,ginkgondens,Rep2,Mesoplodon ginkgondens NHM 1957.4.5.1,Ziphiidae,Ziphiidae,Ziphiidae,Mesoplodon ginkgondens
Mesoplodon hectori NHM 1949.8.19.1 Rep1,Mesoplodon,hectori,Rep1,Mesoplodon hectori NHM 1949.8.19.1,Ziphiidae,Ziphiidae,Ziphiidae,Mesoplodon hectori
Mesoplodon hectori NHM 1949.8.19.1 Rep2,Mesoplodon,hectori,Rep2,Mesoplodon hectori NHM 1949.8.19.1,Ziphiidae,Ziphiidae,Ziphiidae,Mesoplodon hectori
Mesoplodon mirus NHM 1920.20.1 Rep1,Mesoplodon,mirus,Rep1,Mesoplodon mirus NHM 1920.20.1,Ziphiidae,Ziphiidae,Ziphiidae,Mesoplodon mirus
Mesoplodon mirus NHM 1920.20.1 Rep2,Mesoplodon,mirus,Rep2,Mesoplodon mirus NHM 1920.20.1,Ziphiidae,Ziphiidae,Ziphiidae,Mesoplodon mirus
Monodon monoceros NHM 1937.10.30.2 Rep1,Monodon,monoceros,Rep1,Monodon monoceros NHM 1937.10.30.2,Monodontidae,Monodontidae,Monodontidae,Monodon monoceros
Monodon monoceros NHM 1937.10.30.2 Rep2,Monodon,monoceros,Rep2,Monodon monoceros NHM 1937.10.30.2,Monodontidae,Monodontidae,Monodontidae,Monodon monoceros
Monodon monoceros USNM 267959 Rep1,Monodon,monoceros,Rep1,Monodon monoceros USNM 267959,Monodontidae,Monodontidae,Monodontidae,Monodon monoceros
Monodon monoceros USNM 267959 Rep2,Monodon,monoceros,Rep2,Monodon monoceros USNM 267959,Monodontidae,Monodontidae,Monodontidae,Monodon monoceros
Monodon monoceros USNM 267960 Rep1,Monodon,monoceros,Rep1,Monodon monoceros USNM 267960,Monodontidae,Monodontidae,Monodontidae,Monodon monoceros
Monodon monoceros USNM 267960 Rep2,Monodon,monoceros,Rep2,Monodon monoceros USNM 267960,Monodontidae,Monodontidae,Monodontidae,Monodon monoceros
Neophocaena phocaenoides NHM 1889.8.6.1 Rep1,Neophocaena,phocaenoides,Rep1,Neophocaena phocaenoides NHM 1889.8.6.1,Phocoenidae,Phocoenidae,Phocoenidae,Neophocaena phocaenoides
Neophocaena phocaenoides NHM 1889.8.6.1 Rep2,Neophocaena,phocaenoides,Rep2,Neophocaena phocaenoides NHM 1889.8.6.1,Phocoenidae,Phocoenidae,Phocoenidae,Neophocaena phocaenoides
Neophocaena phocaenoides NHM 1902.6.10.65 Rep1,Neophocaena,phocaenoides,Rep1,Neophocaena phocaenoides NHM 1902.6.10.65,Phocoenidae,Phocoenidae,Phocoenidae,Neophocaena phocaenoides
Neophocaena phocaenoides NHM 1902.6.10.65 Rep2,Neophocaena,phocaenoides,Rep2,Neophocaena phocaenoides NHM 1902.6.10.65,Phocoenidae,Phocoenidae,Phocoenidae,Neophocaena phocaenoides
Neophocaena phocaenoides NHM 1966.12.6.1 Rep1,Neophocaena,phocaenoides,Rep1,Neophocaena phocaenoides NHM 1966.12.6.1,Phocoenidae,Phocoenidae,Phocoenidae,Neophocaena phocaenoides
Neophocaena phocaenoides NHM 1966.12.6.1 Rep2,Neophocaena,phocaenoides,Rep2,Neophocaena phocaenoides NHM 1966.12.6.1,Phocoenidae,Phocoenidae,Phocoenidae,Neophocaena phocaenoides
Neophocaena phocaenoides USNM 239990 Rep1,Neophocaena,phocaenoides,Rep1,Neophocaena phocaenoides USNM 239990,Phocoenidae,Phocoenidae,Phocoenidae,Neophocaena phocaenoides
Neophocaena phocaenoides USNM 239990 Rep2,Neophocaena,phocaenoides,Rep2,Neophocaena phocaenoides USNM 239990,Phocoenidae,Phocoenidae,Phocoenidae,Neophocaena phocaenoides
Neophocaena phocaenoides USNM 240001 Rep1,Neophocaena,phocaenoides,Rep1,Neophocaena phocaenoides USNM 240001,Phocoenidae,Phocoenidae,Phocoenidae,Neophocaena phocaenoides
Neophocaena phocaenoides USNM 240001 Rep2,Neophocaena,phocaenoides,Rep2,Neophocaena phocaenoides USNM 240001,Phocoenidae,Phocoenidae,Phocoenidae,Neophocaena phocaenoides
Orcaella brevirostris NHM 1883.11.20.2 Rep1,Orcaella,brevirostris,Rep1,Orcaella brevirostris NHM 1883.11.20.2,Delphinidae,Orcaellinae,Orcininae,Orcaella brevirostris
Orcaella brevirostris NHM 1883.11.20.2 Rep2,Orcaella,brevirostris,Rep2,Orcaella brevirostris NHM 1883.11.20.2,Delphinidae,Orcaellinae,Orcininae,Orcaella brevirostris
Orcaella heinsohni USNM 284430 Rep1,Orcaella,heinsohni,Rep1,Orcaella heinsohni USNM 284430,Delphinidae,Orcaellinae,Orcininae,Orcaella heinsohni
Orcaella heinsohni USNM 284430 Rep2,Orcaella,heinsohni,Rep2,Orcaella heinsohni USNM 284430,Delphinidae,Orcaellinae,Orcininae,Orcaella heinsohni
Orcinus orca NHM 1165a Rep1,Orcinus,orca,Rep1,Orcinus orca NHM 1165a,Delphinidae,Globicephalinae,Orcininae,Orcinus orca
Orcinus orca NHM 1165a Rep2,Orcinus,orca,Rep2,Orcinus orca NHM 1165a,Delphinidae,Globicephalinae,Orcininae,Orcinus orca
Orcinus orca NHM 1165b Rep1,Orcinus,orca,Rep1,Orcinus orca NHM 1165b,Delphinidae,Globicephalinae,Orcininae,Orcinus orca
Orcinus orca NHM 1165b Rep2,Orcinus,orca,Rep2,Orcinus orca NHM 1165b,Delphinidae,Globicephalinae,Orcininae,Orcinus orca
Orcinus orca NHM 1918.1 Rep1,Orcinus,orca,Rep1,Orcinus orca NHM 1918.1,Delphinidae,Globicephalinae,Orcininae,Orcinus orca
Orcinus orca NHM 1918.1 Rep2,Orcinus,orca,Rep2,Orcinus orca NHM 1918.1,Delphinidae,Globicephalinae,Orcininae,Orcinus orca
Orcinus orca NHM 1965c Rep1,Orcinus,orca,Rep1,Orcinus orca NHM 1965c,Delphinidae,Globicephalinae,Orcininae,Orcinus orca
Orcinus orca NHM 1965c Rep2,Orcinus,orca,Rep2,Orcinus orca NHM 1965c,Delphinidae,Globicephalinae,Orcininae,Orcinus orca
Peponocephala electra NHM 1980.149 Rep1,Peponocephala,electra,Rep1,Peponocephala electra NHM 1980.149,Delphinidae,Globicephalinae,Globicephalinae,Peponocephala electra
Peponocephala electra NHM 1980.149 Rep2,Peponocephala,electra,Rep2,Peponocephala electra NHM 1980.149,Delphinidae,Globicephalinae,Globicephalinae,Peponocephala electra
Peponocephala electra USNM 504510 Rep1,Peponocephala,electra,Rep1,Peponocephala electra USNM 504510,Delphinidae,Globicephalinae,Globicephalinae,Peponocephala electra
Peponocephala electra USNM 504510 Rep2,Peponocephala,electra,Rep2,Peponocephala electra USNM 504510,Delphinidae,Globicephalinae,Globicephalinae,Peponocephala electra
Peponocephala electra USNM 504511 Rep1,Peponocephala,electra,Rep1,Peponocephala electra USNM 504511,Delphinidae,Globicephalinae,Globicephalinae,Peponocephala electra
Peponocephala electra USNM 504511 Rep2,Peponocephala,electra,Rep2,Peponocephala electra USNM 504511,Delphinidae,Globicephalinae,Globicephalinae,Peponocephala electra
Phocoena dioptrica NHM 1939.9.30.1 Rep1,Phocoena,dioptrica,Rep1,Phocoena dioptrica NHM 1939.9.30.1,Phocoenidae,Phocoenidae,Phocoenidae,Phocoena dioptrica
Phocoena dioptrica NHM 1939.9.30.1 Rep2,Phocoena,dioptrica,Rep2,Phocoena dioptrica NHM 1939.9.30.1,Phocoenidae,Phocoenidae,Phocoenidae,Phocoena dioptrica
Phocoena phocoena MNHN 1982.139 Rep1,Phocoena,phocoena,Rep1,Phocoena phocoena MNHN 1982.139,Phocoenidae,Phocoenidae,Phocoenidae,Phocoena phocoena
Phocoena phocoena MNHN 1982.139 Rep2,Phocoena,phocoena,Rep2,Phocoena phocoena MNHN 1982.139,Phocoenidae,Phocoenidae,Phocoenidae,Phocoena phocoena
Phocoena phocoena MNHN 1982.155 Rep1,Phocoena,phocoena,Rep1,Phocoena phocoena MNHN 1982.155,Phocoenidae,Phocoenidae,Phocoenidae,Phocoena phocoena
Phocoena phocoena MNHN 1982.155 Rep2,Phocoena,phocoena,Rep2,Phocoena phocoena MNHN 1982.155,Phocoenidae,Phocoenidae,Phocoenidae,Phocoena phocoena
Phocoena phocoena NHM 1965.1.19.2 Rep1,Phocoena,phocoena,Rep1,Phocoena phocoena NHM 1965.1.19.2,Phocoenidae,Phocoenidae,Phocoenidae,Phocoena phocoena
Phocoena phocoena NHM 1965.1.19.2 Rep2,Phocoena,phocoena,Rep2,Phocoena phocoena NHM 1965.1.19.2,Phocoenidae,Phocoenidae,Phocoenidae,Phocoena phocoena
Phocoena sinus NHM 69.678 Rep1,Phocoena,sinus,Rep1,Phocoena sinus NHM 69.678,Phocoenidae,Phocoenidae,Phocoenidae,Phocoena sinus
Phocoena sinus NHM 69.678 Rep2,Phocoena,sinus,Rep2,Phocoena sinus NHM 69.678,Phocoenidae,Phocoenidae,Phocoenidae,Phocoena sinus
Phocoena spinipinnis NHM 1900.5.7.29 Rep1,Phocoena,spinipinnis,Rep1,Phocoena spinipinnis NHM 1900.5.7.29,Phocoenidae,Phocoenidae,Phocoenidae,Phocoena spinipinnis
Phocoena spinipinnis NHM 1900.5.7.29 Rep2,Phocoena,spinipinnis,Rep2,Phocoena spinipinnis NHM 1900.5.7.29,Phocoenidae,Phocoenidae,Phocoenidae,Phocoena spinipinnis
Phocoenoides dalli NHM 1957.6.4.1 Rep1,Phocoenoides,dalli,Rep1,Phocoenoides dalli NHM 1957.6.4.1,Phocoenidae,Phocoenidae,Phocoenidae,Phocoenoides dalli
Phocoenoides dalli NHM 1957.6.4.1 Rep2,Phocoenoides,dalli,Rep2,Phocoenoides dalli NHM 1957.6.4.1,Phocoenidae,Phocoenidae,Phocoenidae,Phocoenoides dalli
Phocoenoides dalli USNM 238083 Rep1,Phocoenoides,dalli,Rep1,Phocoenoides dalli USNM 238083,Phocoenidae,Phocoenidae,Phocoenidae,Phocoenoides dalli
Phocoenoides dalli USNM 238083 Rep2,Phocoenoides,dalli,Rep2,Phocoenoides dalli USNM 238083,Phocoenidae,Phocoenidae,Phocoenidae,Phocoenoides dalli
Phocoenoides dalli USNM 276394 Rep1,Phocoenoides,dalli,Rep1,Phocoenoides dalli USNM 276394,Phocoenidae,Phocoenidae,Phocoenidae,Phocoenoides dalli
Phocoenoides dalli USNM 276394 Rep2,Phocoenoides,dalli,Rep2,Phocoenoides dalli USNM 276394,Phocoenidae,Phocoenidae,Phocoenidae,Phocoenoides dalli
Platanista gangetica NHM 1884.3.29.1 Rep1,Platanista,gangetica,Rep1,Platanista gangetica NHM 1884.3.29.1,Platanistidae,Platanistidae,Platanistidae,Platanista gangetica
Platanista gangetica NHM 1884.3.29.1 Rep2,Platanista,gangetica,Rep2,Platanista gangetica NHM 1884.3.29.1,Platanistidae,Platanistidae,Platanistidae,Platanista gangetica
Pontoporia blanvillei NHM 1886.4.10.3 Rep1,Pontoporia,blanvillei,Rep1,Pontoporia blanvillei NHM 1886.4.10.3,Pontoporidae,Pontoporidae,Pontoporidae,Pontoporia blanvillei
Pontoporia blanvillei NHM 1886.4.10.3 Rep2,Pontoporia,blanvillei,Rep2,Pontoporia blanvillei NHM 1886.4.10.3,Pontoporidae,Pontoporidae,Pontoporidae,Pontoporia blanvillei
Pontoporia blanvillei NHM 39.45.2.9 Rep1,Pontoporia,blanvillei,Rep1,Pontoporia blanvillei NHM 39.45.2.9,Pontoporidae,Pontoporidae,Pontoporidae,Pontoporia blanvillei
Pontoporia blanvillei NHM 39.45.2.9 Rep2,Pontoporia,blanvillei,Rep2,Pontoporia blanvillei NHM 39.45.2.9,Pontoporidae,Pontoporidae,Pontoporidae,Pontoporia blanvillei
Pontoporia blanvillei USNM 482727 Rep1,Pontoporia,blanvillei,Rep1,Pontoporia blanvillei USNM 482727,Pontoporidae,Pontoporidae,Pontoporidae,Pontoporia blanvillei
Pontoporia blanvillei USNM 482727 Rep2,Pontoporia,blanvillei,Rep2,Pontoporia blanvillei USNM 482727,Pontoporidae,Pontoporidae,Pontoporidae,Pontoporia blanvillei
Pseudorca crassidens NHM 1961.6.14.1 Rep1,Pseudorca,crassidens,Rep1,Pseudorca crassidens NHM 1961.6.14.1,Delphinidae,Globicephalinae,Globicephalinae,Pseudorca crassidens
Pseudorca crassidens NHM 1961.6.14.1 Rep2,Pseudorca,crassidens,Rep2,Pseudorca crassidens NHM 1961.6.14.1,Delphinidae,Globicephalinae,Globicephalinae,Pseudorca crassidens
Pseudorca crassidens NHM 1961.6.14.10 Rep1,Pseudorca,crassidens,Rep1,Pseudorca crassidens NHM 1961.6.14.10,Delphinidae,Globicephalinae,Globicephalinae,Pseudorca crassidens
Pseudorca crassidens NHM 1961.6.14.10 Rep2,Pseudorca,crassidens,Rep2,Pseudorca crassidens NHM 1961.6.14.10,Delphinidae,Globicephalinae,Globicephalinae,Pseudorca crassidens
Pseudorca crassidens NHM 1961.6.14.11 Rep1,Pseudorca,crassidens,Rep1,Pseudorca crassidens NHM 1961.6.14.11,Delphinidae,Globicephalinae,Globicephalinae,Pseudorca crassidens
Pseudorca crassidens NHM 1961.6.14.11 Rep2,Pseudorca,crassidens,Rep2,Pseudorca crassidens NHM 1961.6.14.11,Delphinidae,Globicephalinae,Globicephalinae,Pseudorca crassidens
Pseudorca crassidens NHM 1961.6.14.12 Rep1,Pseudorca,crassidens,Rep1,Pseudorca crassidens NHM 1961.6.14.12,Delphinidae,Globicephalinae,Globicephalinae,Pseudorca crassidens
Pseudorca crassidens NHM 1961.6.14.12 Rep2,Pseudorca,crassidens,Rep2,Pseudorca crassidens NHM 1961.6.14.12,Delphinidae,Globicephalinae,Globicephalinae,Pseudorca crassidens
Pseudorca crassidens NHM 1961.6.14.13 Rep1,Pseudorca,crassidens,Rep1,Pseudorca crassidens NHM 1961.6.14.13,Delphinidae,Globicephalinae,Globicephalinae,Pseudorca crassidens
Pseudorca crassidens NHM 1961.6.14.13 Rep2,Pseudorca,crassidens,Rep2,Pseudorca crassidens NHM 1961.6.14.13,Delphinidae,Globicephalinae,Globicephalinae,Pseudorca crassidens
Pseudorca crassidens NHM 1961.6.14.14 Rep1,Pseudorca,crassidens,Rep1,Pseudorca crassidens NHM 1961.6.14.14,Delphinidae,Globicephalinae,Globicephalinae,Pseudorca crassidens
Pseudorca crassidens NHM 1961.6.14.14 Rep2,Pseudorca,crassidens,Rep2,Pseudorca crassidens NHM 1961.6.14.14,Delphinidae,Globicephalinae,Globicephalinae,Pseudorca crassidens
Pseudorca crassidens NHM 1961.6.14.15 Rep1,Pseudorca,crassidens,Rep1,Pseudorca crassidens NHM 1961.6.14.15,Delphinidae,Globicephalinae,Globicephalinae,Pseudorca crassidens
Pseudorca crassidens NHM 1961.6.14.15 Rep2,Pseudorca,crassidens,Rep2,Pseudorca crassidens NHM 1961.6.14.15,Delphinidae,Globicephalinae,Globicephalinae,Pseudorca crassidens
Sotalia fluviatilis MNHN 1888.793 Rep1,Sotalia,fluviatilis,Rep1,Sotalia fluviatilis MNHN 1888.793,Delphinidae,Stenoninae,Stenoninae,Sotalia fluviatilis
Sotalia fluviatilis MNHN 1888.793 Rep2,Sotalia,fluviatilis,Rep2,Sotalia fluviatilis MNHN 1888.793,Delphinidae,Stenoninae,Stenoninae,Sotalia fluviatilis
Sousa chinensis NHM 1984.1759 Rep1,Sousa,chinensis,Rep1,Sousa chinensis NHM 1984.1759,Delphinidae,Stenoninae,Delphininae,Sousa chinensis
Sousa chinensis NHM 1984.1759 Rep2,Sousa,chinensis,Rep2,Sousa chinensis NHM 1984.1759,Delphinidae,Stenoninae,Delphininae,Sousa chinensis
Sousa plumbea NHM 1937.6.22.1 Rep1,Sousa,plumbea,Rep1,Sousa plumbea NHM 1937.6.22.1,Delphinidae,Stenoninae,Delphininae,Sousa plumbea
Sousa plumbea NHM 1937.6.22.1 Rep2,Sousa,plumbea,Rep2,Sousa plumbea NHM 1937.6.22.1,Delphinidae,Stenoninae,Delphininae,Sousa plumbea
Sousa plumbea NHM1 1948.3.13.2 Rep1,Sousa,plumbea,Rep1,Sousa plumbea NHM1 1948.3.13.2,Delphinidae,Stenoninae,Delphininae,Sousa plumbea
Sousa plumbea NHM1 1948.3.13.2 Rep2,Sousa,plumbea,Rep2,Sousa plumbea NHM1 1948.3.13.2,Delphinidae,Stenoninae,Delphininae,Sousa plumbea
Sousa teuszii MNHN 1983.107 Rep1,Sousa,teuszii,Rep1,Sousa teuszii MNHN 1983.107,Delphinidae,Stenoninae,Delphininae,Sousa teuszii
Sousa teuszii MNHN 1983.107 Rep2,Sousa,teuszii,Rep2,Sousa teuszii MNHN 1983.107,Delphinidae,Stenoninae,Delphininae,Sousa teuszii
Stenella attenuata NHM 1956.11.2.6 Rep1,Stenella,attenuata,Rep1,Stenella attenuata NHM 1956.11.2.6,Delphinidae,Delphininae,Delphininae,Stenella attenuata
Stenella attenuata NHM 1956.11.2.6 Rep2,Stenella,attenuata,Rep2,Stenella attenuata NHM 1956.11.2.6,Delphinidae,Delphininae,Delphininae,Stenella attenuata
Stenella attenuata NHM 1957.5.9.7 Rep1,Stenella,attenuata,Rep1,Stenella attenuata NHM 1957.5.9.7,Delphinidae,Delphininae,Delphininae,Stenella attenuata
Stenella attenuata NHM 1957.5.9.7 Rep2,Stenella,attenuata,Rep2,Stenella attenuata NHM 1957.5.9.7,Delphinidae,Delphininae,Delphininae,Stenella attenuata
Stenella coeruleoalba NHM 1938.2.5.1 Rep1,Stenella,coeruleoalba,Rep1,Stenella coeruleoalba NHM 1938.2.5.1,Delphinidae,Delphininae,Delphininae,Stenella coeruleoalba
Stenella coeruleoalba NHM 1938.2.5.1 Rep2,Stenella,coeruleoalba,Rep2,Stenella coeruleoalba NHM 1938.2.5.1,Delphinidae,Delphininae,Delphininae,Stenella coeruleoalba
Stenella frontalis MNHN A3031 Rep1,Stenella,frontalis,Rep1,Stenella frontalis MNHN A3031,Delphinidae,Delphininae,Delphininae,Stenella frontalis
Stenella frontalis MNHN A3031 Rep2,Stenella,frontalis,Rep2,Stenella frontalis MNHN A3031,Delphinidae,Delphininae,Delphininae,Stenella frontalis
Stenella longirostris NHM 1920.5.13.2 Rep1,Stenella,longirostris,Rep1,Stenella longirostris NHM 1920.5.13.2,Delphinidae,Delphininae,Delphininae,Stenella longirostris
Stenella longirostris NHM 1920.5.13.2 Rep2,Stenella,longirostris,Rep2,Stenella longirostris NHM 1920.5.13.2,Delphinidae,Delphininae,Delphininae,Stenella longirostris
Steno bredanensis NHM 1851.7.25.4 Rep1,Steno,bredanensis,Rep1,Steno bredanensis NHM 1851.7.25.4,Delphinidae,Stenoninae,Stenoninae,Steno bredanensis
Steno bredanensis NHM 1851.7.25.4 Rep2,Steno,bredanensis,Rep2,Steno bredanensis NHM 1851.7.25.4,Delphinidae,Stenoninae,Stenoninae,Steno bredanensis
Steno bredanensis NHM 345f Rep1,Steno,bredanensis,Rep1,Steno bredanensis NHM 345f,Delphinidae,Stenoninae,Stenoninae,Steno bredanensis
Steno bredanensis NHM 345f Rep2,Steno,bredanensis,Rep2,Steno bredanensis NHM 345f,Delphinidae,Stenoninae,Stenoninae,Steno bredanensis
Tursiops aduncus NHM 1949.10.27.3 Rep1,Tursiops,aduncus,Rep1,Tursiops aduncus NHM 1949.10.27.3,Delphinidae,Delphininae,Delphininae,Tursiops aduncus
Tursiops aduncus NHM 1949.10.27.3 Rep2,Tursiops,aduncus,Rep2,Tursiops aduncus NHM 1949.10.27.3,Delphinidae,Delphininae,Delphininae,Tursiops aduncus
Tursiops truncatus NHM 1902.11.25.1 Rep1,Tursiops,truncatus,Rep1,Tursiops truncatus NHM 1902.11.25.1,Delphinidae,Delphininae,Delphininae,Tursiops truncatus
Tursiops truncatus NHM 1902.11.25.1 Rep2,Tursiops,truncatus,Rep2,Tursiops truncatus NHM 1902.11.25.1,Delphinidae,Delphininae,Delphininae,Tursiops truncatus
Tursiops truncatus NHM 1984.1757 Rep1,Tursiops,truncatus,Rep1,Tursiops truncatus NHM 1984.1757,Delphinidae,Delphininae,Delphininae,Tursiops truncatus
Tursiops truncatus NHM 1984.1757 Rep2,Tursiops,truncatus,Rep2,Tursiops truncatus NHM 1984.1757,Delphinidae,Delphininae,Delphininae,Tursiops truncatus
Tursiops truncatus NHM 1984.176 Rep1,Tursiops,truncatus,Rep1,Tursiops truncatus NHM 1984.176,Delphinidae,Delphininae,Delphininae,Tursiops truncatus
Tursiops truncatus NHM 1984.176 Rep2,Tursiops,truncatus,Rep2,Tursiops truncatus NHM 1984.176,Delphinidae,Delphininae,Delphininae,Tursiops truncatus
Ziphius cavirostris NHM 1962.8.7.1 Rep1,Ziphius,cavirostris,Rep1,Ziphius cavirostris NHM 1962.8.7.1,Ziphiidae,Ziphiidae,Ziphiidae,Ziphius cavirostris
Ziphius cavirostris NHM 1962.8.7.1 Rep2,Ziphius,cavirostris,Rep2,Ziphius cavirostris NHM 1962.8.7.1,Ziphiidae,Ziphiidae,Ziphiidae,Ziphius cavirostris
